name,value,label
SOGEITMMXXX,03593,Société Générale
BCPTITNNXXX,05142,Banca di Credito Popolare
CRADITRRTES,03283,Sedicibanca Spa
ALETITMMXXX,03102,Aletti & C Banca di Investimento Mobiliare Spa
BKRAITMMXXX,03589,Allianz Bank Financial Advisors S.P.A.
ICRAITMMGB0,08587,BCC Valdostana Cooperative De Credit Valdotaine Società Cooperativa
ICRAITMMRN0,08995,BCC Valmarecchia nei Comuni di Rimini e Verucchio Soc. Cooperativa
ICRAITMMIS0,08676,BCC del Garda BCC Colli Morenici del Garda Società Cooperativa
ICRAITMM950,08329,BCC dell'Alta Brianza Alzate Brianza Scrl
ICRAITMMEQ0,08530,BCC di Alba Langhe e Roero Società Cooperativa
ICRAITRRA20,08362,BCC di Arborea Società Cooperativa
CRACIT33XXX,08425,BCC di Cambiano Scrl
CRCBIT22XXX,08440,BCC di Carate Brianza Società Cooperativa
GATEITMMXXX,08453,BCC di Carugate Società Cooperativa
BCCDIT3CXXX,08461,BCC di Castagneto Carducci Società Cooperativa per Azioni
ICRAITMM5Y0,08214,BCC di Cernusco sul Naviglio Società Cooperativa
ICRAITRRDJ0,08487,BCC di Cherasco Società Cooperativa
BCCFIT33XXX,08562,BCC di Fornacette Scrl
ICRAITMMH60,08618,BCC di Lezzeno Scrl
RUAMIT22XXX,08631,BCC di Manzano Società Cooperativa
ICRAITMMKF0,08735,BCC di Pompiano e della Franciacorta Società Cooperativa
ROMAITRRXXX,08327,BCC di Roma Società Cooperativa
ICRAITRRMP0,08817,BCC di San Marzano di San Giuseppe Società Cooperativa
ICRAITMMO1Z,08865,BCC di Sesto San Giovanni Società Cooperativa
POPRIT3RXXX,05036,Banca Agricola Popolare di Ragusa Società Cooperativa per Azioni
AKROITMMXXX,03045,Banca Akros Spa
ANTBIT2PXXX,05040,Banca Antonveneta S.P.A.
SARCIT2SXXX,06305,Banca CR di Savigliano Spa
CRGEITGGXXX,06175,Banca Carige Spa
CRRNIT2RXXX,06285,Banca Carim CR di Rimini Spa
BPALIT34XXX,06245,Banca Caripe Spa
ESPEITMMXXX,03183,Banca Esperia Spa
FIBKITMMXXX,03296,Banca Fideuram Spa
FNATITRRXXX,03087,Banca Finnat Euramerica Spa
BGENIT2TXXX,03075,Banca Generali Spa
IFISIT2VXXX,03205,Banca Ifis Spa
BIMTITTTXXX,03043,Banca Intermobiliare di Investimenti e Gestioni Spa
BIREIT31XXX,03330,Banca Interregionale Spa
MEDBITMMXXX,03062,Banca Mediolanum Spa
BMPRIT2PXXX,06930,Banca Monte Parma Spa
PASCITMMXXX,01030,Banca Monte dei Paschi di Siena Spa
BNLIITRRXXX,01005,Banca Nazionale del Lavoro S.P.A.
PDCCIT2PXXX,08429,Banca Padovana Credito Cooperativo S. C.
PASBITGGXXX,03332,Banca Passadore & C Spa
SENVITT1XXX,03211,Banca Patrimoni Sella & C. S.P.A.
BPPNIT2PXXX,05336,Banca Popolare Friuladria Spa
BPPUIT33XXX,05262,Banca Popolare Pugliese Società Cooperativa per Azioni
PSANIT3PXXX,05772,Banca Popolare Sant'Angelo
BPVMIT2RXXX,05792,Banca Popolare Valconca Scrl
POCAIT3CXXX,05372,Banca Popolare del Cassinate Società Cooperativa per Azioni
BPFRIT31XXX,05297,Banca Popolare del Frusinate Società Cooperativa per Azioni
BPLZIT3VXXX,05104,Banca Popolare del Lazio Società Cooperativa
BPAAIT2BXXX,05856,Banca Popolare dell'Alto Adige Scpa
BPMOIT22XXX,05387,Banca Popolare dell'Emilia Romagna Soc. Coop.
PDSCIT31XXX,05029,Banca Popolare dell'Etna Società Cooperativa
ARBAIT33XXX,05390,Banca Popolare dell'Etruria e del Lazio Società Cooperativa
BPBAIT3BXXX,05424,Banca Popolare di Bari Società Cooperativa per Azioni
POCSIT31XXX,05496,Banca Popolare di Cortona Società Cooperativa per Azioni
BPALIT22XXX,05228,Banca Popolare di Crema Spa
BPALIT2CXXX,05512,Banca Popolare di Cremona Spa
POFOIT3FXXX,05296,Banca Popolare di Fondi Società Cooperativa
BLJAIT3LXXX,05232,Banca Popolare di Lajatico Società Cooperativa per Azioni
BPALITMLXXX,05164,Banca Popolare di Lodi S.P.A.
BPALIT2MXXX,05204,Banca Popolare di Mantova Spa
POMAIT2VXXX,05572,Banca Popolare di Marostica Scparl
BPMIITMMXXX,05584,Banca Popolare di Milano Scrl
NVRBIT2NXXX,05608,Banca Popolare di Novara Spa
BPDMIT3BXXX,05385,Banca Popolare di Puglia e Basilicata Società Cooperativa per Azioni
POSOIT22XXX,05696,Banca Popolare di Sondrio Società Cooperativa per Azioni
BPSPIT3SXXX,05704,Banca Popolare di Spoleto Spa
VRBPIT2VXXX,05188,Banca Popolare di Verona - S. Geminiano e S. Prospero S.P.A.
BPVIIT22XXX,05728,Banca Popolare di Vicenza Società Cooperativa per Azioni
PROFITMM001,03025,Banca Profilo Spa
PROSITN1XXX,03265,Banca Promos Spa
BRTOITTTXXX,03138,Banca Reale Spa
BSTOITT1XXX,03177,Banca Sai Spa
SELBIT22XXX,03311,Banca Sella Holding Spa
BCALIT22XXX,03064,Banca Sella Nordest Bovio Calderari Spa
SELBIT2BXXX,03268,Banca Sella Spa
BRDGIT33XXX,03049,Banca Sella Sud Arditi Galati S.P.A.
UBAIITRRXXX,03598,Banca Ubae Spa
BCVAIT2VXXX,05116,Banca Valsabbina Società Cooperativa per Azioni
ICRAITRROS0,08892,Banca dei Due Mari di Calabria Credito Cooperativo Soc. Cooperativa
BAFUITRRXXX,03124,Banca del Fucino Spa
LAPIIT31XXX,03136,Banca del Lavoro e del Piccolo Risparmio Spa
BDCPITTTXXX,03048,Banca del Piemonte Spa
SUDNITN1XXX,03353,Banca del Sud Spa
IBSPIT3PXXX,05748,Banca dell'Adriatico S.P.A.
BAMAIT3AXXX,06055,Banca delle Marche Spa
BDBOIT22XXX,08883,Banca di Bologna Credito Cooperativo Società Cooperativa
CIVIIT2CXXX,05484,Banca di Cividale Spa
BCITIT3CXXX,03059,Banca di Credito Sardo S.P.A.
ICRAITMMFG0,08556,Banca di Forlì Credito Cooperativo Società Cooperativa
BDLEIT2LXXX,03204,Banca di Legnano Spa
ICRAITRRHI0,08630,Banca di Mantignana Credito Cooperativo Umbro Società Cooperativa
BCPCIT2PXXX,05156,Banca di Piacenza Scpa
ICRAITMMQY0,08970,Banca di Rimini Credito Cooperativo Società Cooperativa
BATBIT2TXXX,03240,Banca di Trento e Bolzano Spa
BDVIIT21XXX,08931,Banca di Viterbo Credito Cooperativo Scrl
SVIUITRRXXX,03139,Banca per Lo Sviluppo della Cooperazione di Credito Spa
BATAIT2SXXX,03053,Bancaperta Spa
BBVAITMMXXX,03576,Banco Bilbao Vizcaya Argentaria SA
BRASITMMXXX,03465,Banco Do Brasil SA
BERBIT2BXXX,03149,Banco Emiliano Romagnolo Spa
BAPPIT22XXX,05034,Banco Popolare - Società Cooperativa
AZZBITT2XXX,03425,Banco di Credito Paolo Azzoaglio Spa
BDBDIT22XXX,03440,Banco di Desio e della Brianza Spa
IBSPITNAXXX,01010,Banco di Napoli S.P.A.
BOFAIT2XXXX,03380,Bank of America National Association Ltd
BKCHITMMXXX,03093,Bank of China Ltd
BCDMITM1XXX,03387,Banque Chaabi Du Maroc
PSABITM1XXX,03101,Banque Psa Finance SA
BARCIT4GXXX,03051,Barclays Bank plc
BHBEIT21XXX,03073,Bhw Bausparkasse AG
BNPAITMMXXX,03181,Bnp Paribas SA
PARBITMHXXX,03479,Bnp Paribas Securities Services SA
POVEIT33XXX,05602,Bp Vesuviana Società Cooperativa
BSVIITNNXXX,05023,Bp di Sviluppo Società Cooperativa per Azioni
CRSMIT3SXXX,06300,C.R. di San Miniato S.P.A.
IBSPIT2UXXX,06340,CR del Friuli Venezia Giulia S.P.A.
IBSPIT2PXXX,06225,CR del Veneto Spa
CRPCIT3JXXX,06050,CR della Provincia di Chieti Spa
TERCIT3TXXX,06060,CR della Provincia di Teramo Spa
CRVIIT3VXXX,06065,CR della Provincia di Viterbo Spa
CRFIIT2SXXX,06030,CR della Spezia Spa
RIALIT2AXXX,06075,CR di Alessandria Spa
CRAPIT3AXXX,06080,CR di Ascoli Piceno Spa
CASRIT22XXX,06085,CR di Asti Spa
CRBIIT2BXXX,06090,CR di Biella e Vercelli Spa
CRBZIT2BXXX,06045,CR di Bolzano Spa
CRBRIT22XXX,06095,CR di Bra Spa
CRCEIT2CXXX,06115,CR di Cento Spa
CRCCIT3CXXX,06125,CR di Città di Castello Spa
CRFIIT2CXXX,06130,CR di Civitavecchia Spa
CRFEIT3FXXX,06150,CR di Fermo Spa
CFERIT2FXXX,06155,CR di Ferrara Spa
CRFIIT3FXXX,06160,CR di Firenze Spa
CRFUIT3FXXX,06165,CR di Foligno Spa
CRIFIT2FXXX,06170,CR di Fossano Spa
CRLOIT3LXXX,06195,CR di Loreto Spa
BPALIT3LXXX,06200,CR di Lucca Pisa Livorno Spa
CRPPIT2PXXX,06230,CR di Parma e Piacenza Spa
CRFIIT3PXXX,06260,CR di Pistoia e Pescia Spa
CRRAIT2RXXX,06270,CR di Ravenna Spa
CRRIIT22XXX,06280,CR di Rieti Spa
CRSAIT22XXX,06295,CR di Saluzzo Spa
CRSPIT3SXXX,06315,CR di Spoleto Spa
TERNIT3TXXX,06380,CR di Terni e Narni Spa
IBSPIT2VXXX,06345,CR di Venezia Spa
CRVOIT3VXXX,06370,CR di Volterra Spa
IBSPIT2BXXX,06385,CR in Bologna Spa
ACARIT22XXX,08430,CRA di Cantù BCC Scrl
CIMTITR1XXX,36000,Cartalis Istituto di Moneta Elettronica Spa
CCRTIT2TXXX,03599,Cassa Centrale Banca - Credito Cooperativo del Nord Est Spa
RZSBIT2BXXX,03493,Cassa Centrale Raiffeisen dell'Alto Adige Spa
CADPITRRXXX,07602,Cassa Depositi e Prestiti Spa
LOMCITMMXXX,03488,Cassa Lombarda Spa
IBSPIT2FXXX,06010,Cassa dei Risparmi di Forlì e della Romagna Spa
CECRIT2CXXX,06120,Cassa di Risp. di Cesena S.P.A.
BPCCITM1XXX,10633,Centrobanca Banca di Credito Finanziario e Mobiliare Spa
MICSITM1XXX,03058,Chebanca! S.P.A.
CITIITMXSEC,03566,Citibank Na
COBAITMMXXX,03095,Commerzbank AG
BSUIITMMXXX,03432,Credit Agricole Corporate & Investment Bank
CRESITMMXXX,03089,Credit Suisse (Italy) Spa
CSFBITMMXXX,03040,Credit Suisse AG
CREBIT22XXX,03336,Credito Bergamasco Spa
BACRIT22XXX,03032,Credito Emiliano Spa
CSRFITR1XXX,05824,Csr fra Il Personale della Banca d'Italia Soc. Coop. per Azioni
DPFAITRRXXX,03230,Depfa Bank plc
DEUTITMMUNP,03104,Deutsche Bank Spa
CROPITRRXXX,03030,Dexia Crediop Spa
BPALITRDXXX,10632,Efibanca Spa
ARABITRRXXX,03006,Europe Arab Bank plc - Milan Branch
FCEFITR1XXX,03009,Fce Bank plc
IBFIITMMXXX,10685,Ge Capital S.P.A.
MIDLITMXXXX,03021,Hsbc Bank plc
HAABIT2UXXX,03011,Hypo Alpe Adria Bank Spa
IBLBITRRXXX,03263,Ibl Istituto Bancario del Lavoro Spa
ICRAITRRXXX,08000,Iccrea Banca Spa Istituto Centrale del Credito Cooperativo
IMPAITR1XXX,03403,Imprebanca S.P.A.
INGBITMMXXX,03475,Ing Bank NV
INGDITM1XXX,03169,Ing Direct NV
BCITITMMXXX,03069,Intesa Sanpaolo Spa
NVESITRRXXX,03017,Invest Banca Spa
CIPBITMMXXX,05000,Istituto Centrale delle Banche Popolari Italiane Spa
ISCSITRRTES,10630,Istituto per Il Credito Sportivo - Ente di Diritto Pubblico
IWBKITMMXXX,03165,Iw Bank Spa
JPMGITMMXXX,03370,J.P. Morgan International Bank Limited
CHASITMXXXX,03494,Jpmorgan Chase Bank
KSPKIT2UXXX,03329,Karntner Sparkasse Aktiengesellschaft
MPBKITM1XXX,03143,Maple Bank GmbH
BAMEITMMMIL,10631,Mediobanca Spa
LIORITMMXXX,10008,Meliorbanca Spa
MELYITM1XXX,03057,Merrill Lynch International Bank Ltd Milan Branch
MHCBITMMXXX,03346,Mizuho Corporate Bank Limited
MSITITMXXXX,03162,Morgan Stanley Bank International Ltd Milan Branch
BFCEITMMXXX,03189,Natixis S.A.
LJBAIT2TXXX,03018,Nova Ljubljanska Banka Dd Ljubljana
BILLITMMXXX,03321,Rbc Dexia Investor Services Bank SA
SFSPIT22XXX,05652,Sanfelice 1893 Banca Popolare Società Cooperativa per Azioni
FICUITTTXXX,03191,Santander Consumer Bank Spa
SERAIT31XXX,03338,Serfina Banca Spa
TWOSITMMXXX,03307,Societè Generale Securities Services S.P.A.
IRVTITMMXXX,03351,The Bank of New York Mellon (Luxembourg) S.A.
BOTKITMXXXX,03487,The Bank of Tokyo - Mitsubishi Ufj
ABNAITMMXXX,03003,The Royal Bank of Scotland N.V.
RBOSITMMXXX,03206,The Royal Bank of Scotland plc
UBSWITMMXXX,03041,Ubs (Italia) Spa
BAECIT2BXXX,03127,Ugf Banca S.P.A.
HYVEIT22XXX,03081,Unicredit Bank AG
UNCRITMMXXX,02008,Unicredit
BLOPIT22XXX,03111,Unione di Banche Italiane Società Cooperativa per Azioni
VEBHIT2MXXX,05035,Veneto Banca S.C.P.A.
VOWAITMMXXX,03105,Volkswagen Bank GmbH
WEBNITMMXXX,03402,Webank S.P.A.
WLBEITM2XXX,03175,Westlb AG
