name,value,label
ABLVLULL,369,ABLV Bank Luxembourg S.A.
BTGBLULL,385,"Banco BTG Pactual, Luxembourg Branch"
BMARLU2M,368,"Banca March, S.A., Luxembourg Branch"
BBDELULL,133,Banco Bradesco Europa S.A.
BPMOLULS,298,Banca Popolare dell'Emilia Romagna (Europe) International S.A.
BSILLULX,320,BSI Europe S.A. (formerly BSI Luxembourg S.A.)
ITAULULL,291,Banco Itaú Europa Luxembourg S.A.
BEMOLULL,372,BEMO EUROPE - BANQUE PRIVEE
BHAHLUL1,095,"BHW Bausparkasse Aktiengesellschaft, Hameln (Allemagne), succursale de Luxembourg (formerly BHW Bausparkasse Aktiengesellschaft, succursale de Luxembourg)"
BHFBLULA,330,"BHF-BANK Aktiengesellschaft, Niederlassung Luxemburg"
BHFBLULL,049,BHF-BANK International
BGFWLUL1,108,"Wüstenrot Bausparkasse AG, Ludwigsburg (Allemagne), succursale de Luxembourg (formerly Wüstenrot Bausparkasse AG, Niederlassung Luxemburg)"
PARBLULL,328,"BNP Paribas Securities Services, succursale de Luxembourg (formerly BNP Paribas Securities Services, Paris (France), succursale de Luxembourg)"
BGLLLULL,003,BGL BNP Paribas
VPBVLULL,183,VP Bank (Luxembourg) SA
BNPALULS,149,"BNP Paribas, Paris (France), succursale de Luxembourg (formerly BNP Paribas, succursale de Luxembourg)"
DBSALULL,038,Union Bancaire Privée (Europe) S.A.
CABILULL,301,UBI Banca International S.A.
HYVELULL,047,UniCredit Luxembourg S.A.
UNCRLULL,158,UniCredit International Bank (Luxembourg) SA
SGWLLULX,269,"The Bank of New York Mellon (International) Ltd., Luxembourg Branch"
UBSWLULL,070,UBS (Luxembourg) S.A.
ABNALULL,389,"The Royal Bank of Scotland Plc, Luxembourg Branch"
TDWLLULL,324,TD Bank International S.A.
IRVTLULX,310,The Bank of New York Mellon (Luxembourg) S.A.
HANDLULL,110,Svenska Handelsbanken S.A.
HANDLULB,229,"Svenska Handelsbanken AB (Publ), Stockholm (Suède), succursale de Luxembourg (formerly Svenska Handelsbanken AB (Publ), Luxembourg Branch)"
STBCLULL,146,Sumitomo Mitsui Trust Bank (Luxembourg) S.A.
SNCILUL1,104,Société Nationale de Crédit et d'Investissement
SBOSLULX,202,State Street Bank Luxembourg S.C.A. (formerly State Street Bank Luxembourg S.A.)
SBOSLULX,358,"State Street Bank GmbH, Zweigniederlassung Luxemburg"
ESSELULL,064,Skandinaviska Enskilda Banken S.A.
NIKOLULL,080,SMBC Nikko Bank (Luxembourg) S.A.
SOPPLULX,363,Sal. Oppenheim jr. & Cie Luxembourg S.A.
SGABLULL,019,Societe Generale Bank & Trust S.A.
SGDILULL,378,Société Générale Financing and Distribution
RCBLLULL,384,"RCB BANK LTD, Luxembourg branch"
ABNALULL,355,RBS Global Banking (Luxembourg) S.A.
PPLXLULL,351,"PayPal (Europe) S.à r.l. et Cie, S.C.A."
PICTLULX,198,Pictet & Cie (Europe) S.A.
BESCLULL,388,"Novo Banco S.A., Succursale de Luxembourg"
CNORLULX,336,"Northern Trust Global Services Ltd, London (Royaume-Uni), Luxembourg Branch (formerly Northern Trust Global Services Ltd, Luxembourg Branch)"
NBLXLULL,204,Nomura Bank (Luxembourg) S.A.
FETALULL,341,RBC Investor Services Bank S.A.
BPLULULL,197,Natixis Bank
NDEALULL,092,Nordea Bank S.A.
MHTBLULL,181,Mizuho Trust & Banking (Luxembourg) SA
MIRALULL,381,Mirabaud & Cie (Europe) S.A.
MEOILUL1,342,MEDIOBANCA INTERNATIONAL (LUXEMBOURG)S.A. (formerly MEDIOBANCA INTERNATIONAL (LUXEMBOURG) S.A.)
NOLALULL,051,NORD/LB Luxembourg S.A. Covered Bond Bank (formerly Norddeutsche Landesbank Luxembourg S.A.)
MUGCLUL2,077,Mitsubishi UFJ Investor Services and Banking (Luxembourg) S.A. (formerly Mitsubishi UFJ Global Custody S.A.)
WBWCLULL,058,M.M. Warburg & CO Luxembourg S.A.
NCFBLUL1,345,NORD/LB COVERED FINANCE BANK S.A.
BELALULL,100,Landesbank Berlin International S.A.
BELALULX,241,"Landesbank Berlin AG, Niederlassung Luxemburg"
LOCYLULL,370,Lombard Odier (Europe) S.A.
MALALULB,153,Landesbank Baden-Württemberg Luxemburg Branch
MALALULL,106,LBBW Luxemburg S.A.
KBLXLULL,013,KBL European Private Bankers S.A.
JODELUL1,317,John Deere Bank S.A.
BEGOLUL1,173,"Joh. Berenberg, Gossler & Co - Berenberg Bank -, Hamburg (Allemagne), succursale de Luxembourg (formerly Joh. Berenberg, Gossler & Co-Berenberg Bank-, succursale de Luxembourg)"
CELLLULL,014,ING Luxembourg
ICBKLULL,316,"Industrial and Commercial Bank of China Ltd., Pékin (République Populaire de Chine), Luxembourg Branch (formerly Industrial and Commercial Bank of China Ltd., Luxembourg Branch)"
IKBDLUL1,144,"IKB Deutsche Industriebank A.G., Filiale Luxemburg (formerly IKB Deutsche Industriebank A.G., Düsseldorf und Berlin (Allemagne), Filiale Luxemburg)"
ICBKLULU,348,"Industrial and Commercial Bank of China (Europe) S.A., en abrégé ICBC (Europe) S.A."
HAUKLULL,376,"Hauck & Aufhäuser Privatbankiers KGaA, Niederlassung Luxemburg (formerly Hauck & Aufhäuser Banquiers Luxembourg S.A.)"
HSHNLULL,097,HSH Nordbank Securities S.A.
SEBKLULL,087,Intesa Sanpaolo Bank Luxembourg S.A. (formerly Société Européenne de Banque S.A.)
HSHNLULB,164,"HSH Nordbank A.G., Kiel (Allemagne), succursale de Luxembourg (formerly HSH Nordbank A.G. Luxembourg Branch)"
BBDALULX,167,HSBC Securities Services (Luxembourg) S.A.
TUBDLULL,094,HSBC Trinkaus & Burkhardt (International) S.A.
CHASLULX,067,J.P. Morgan Bank Luxembourg S.A.
TGBALULL,271,"Garanti Bank, Istanbul (Turquie), succursale de Luxembourg (formerly Garanti Bank (Luxembourg Branch))"
BLICLULX,147,HSBC Private Bank (Luxembourg) S.A.
FFVBLUL1,329,Frankfurter Volksbank International S.A.
SBRELUL1,281,Freie Internationale Sparkasse S.A.
FOTNLUL1,010,Fortuna Banque s.c.
EGBKLUL1,287,Europäische Genossenschaftsbank S.A. - European Cooperative Bank S.A. - Banque Coopérative Européenne S.A. (formerly Europäische Genossenschaftsbank S.A.)
FIBKLULL,308,Fideuram Bank (Luxembourg) S.A.
HSBCLULL,374,"HSBC Bank Plc., Luxembourg branch"
ERBKLULL,151,Eurobank Private Bank Luxembourg S.A.
EWUBLULL,082,East West United Bank S.A.
EFGBLULX,343,EFG Bank (Luxembourg) S.A.
PRIBLULL,172,Edmond de Rothschild (Europe) (formerly Banque Privée Edmond de Rothschild Europe)
EEPKLULL,315,Erste Europäische Pfandbrief- und Kommunalkreditbank Aktiengesellschaft in Luxemburg
PBNKLULL,265,Deutsche Postbank International S.A.
PBNKLULL,387,"Deutsche Postbank AG Zweigniederlassung Luxemburg (formerly Deutsche Postbank AG, Niederlassung Luxemburg)"
DXIALULL,352,Dexia LdG Banque S.A.
DELELULL,305,Delen Private Bank Luxembourg S.A.
DABALULL,093,Danske Bank International S.A.
DGZFLULI,040,DekaBank Deutsche Girozentrale Luxembourg S.A.
DGZFLULL,135,"DekaBank Deutsche Girozentrale, succursale de Luxembourg"
DEUTLULB,259,"Deutsche Bank A.G., Frankfurt (Allemagne), succursale de Luxembourg (formerly Deutsche Bank A.G., succursale de Luxembourg)"
DEUTLULL,036,Deutsche Bank Luxembourg S.A.
GENOLULL,107,DZ PRIVATBANK S.A.
UBNLLULL,143,DNB Luxembourg S.A.
CBLULULX,189,Cornèr Banque (Luxembourg) S.A.
PBILLULL,314,DEPFA Pfandbrief Bank International S.A. (formerly Hypo Pfandbrief Bank International S.A.)
CRESLULL,078,Crédit Suisse (Luxembourg) S.A.
CBPXLULL,350,"Compagnie de Banque Privée Quilvest S.A., en abrégé CBP Quilvest S.A."
CRDMLULL,076,Credem International (Lux)
CMBCLULL,391,"China Merchants Bank Co., Limited Luxembourg Branch"
CEDELULL,289,Clearstream Banking S.A.
CITCLULL,349,"Citco Bank Nederland N.V., Amsterdam (Pays-Bas), Luxembourg branch (formerly Citco Bank Nederland N.V., Luxembourg Branch)"
COBALULX,032,Commerzbank International S.A.
EEPKLULL,184,Commerzbank Finance & Covered Bond S.A. (formerly EUROHYPO Europäische Hypothekenbank S.A.)
COBALULU,347,"Commerzbank AG, Filiale Luxemburg"
CITILULX,034,"Citibank International Limited, Luxembourg Branch (formerly Citibank International Plc (Luxembourg Branch))"
PCBCLULL,375,China Construction Bank (Europe) S.A.
CGDILUL1,302,"Caixa Geral de Depósitos SA, Lisboa (Portugal), succursale de Luxembourg (formerly Caixa Geral de Depósitos SA, succursale de Luxembourg)"
CITILULX,395,"Citibank Europe plc, Luxembourg Branch"
INVKLULL,194,CATELLA BANK S.A.
BSUILULL,007,CACEIS Bank Luxembourg
BBHCLULL,178,Brown Brothers Harriman (Luxembourg) S.C.A.
AGRILULA,331,CA Indosuez Wealth (Europe) (formerly Crédit Agricole Luxembourg)
BYLALULB,286,"Bayerische Landesbank, Niederlassung Luxemburg"
CRESLULX,338,CREDIT SUISSE AG LUXEMBOURG BRANCH
BEMOLUL1,140,"Banque de l'Europe Méridionale, succursale de Luxembourg"
BPCPLULL,134,"Banque de Commerce et de Placements S.A., Genève (Suisse), succursale de Luxembourg (formerly Banque de Commerce et de Placements S.A., succursale de Luxembourg)"
IBLULULL,361,Banque de Patrimoines Privés
BLUXLULL,008,Banque de Luxembourg S.A.
BCEELULL,001,"Banque et Caisse d’Epargne de l’Etat, Luxembourg"
CCRALULL,009,Banque Raiffeisen
PULALULL,323,Banque Puilaetco Dewaay Luxembourg S.A.
BYLALULL,068,Banque LBLux S.A.
HAVLLULL,318,Banque Havilland S.A.
POALLULL,117,"Banque Hapoalim (Suisse) S.A., Zurich (Suisse), succursale de Luxembourg (formerly Banque Hapoalim (Suisse) S.A., succursale de Luxembourg)"
BSAFLULL,148,Banque J. Safra Sarasin (Luxembourg) SA (formerly Banque Safra-Luxembourg S.A.)
POALLUL2,226,Banque Hapoalim (Luxembourg) S.A.
CARNLULL,264,Banque Carnegie Luxembourg S.A.
DEGRLULL,155,Banque Degroof Petercam Luxembourg S.A. (formerly Banque Degroof Luxembourg S.A.)
BMECLULL,025,Banque BCP S.A.
BILLLULL,002,Banque Internationale à Luxembourg
FVLBLULL,177,Bankinter Luxembourg S.A. (formerly Van Lanschot Bankiers (Luxembourg) S.A.)
COMMLULL,390,Bank of Communications (Luxembourg) S.A.
SAFRLULL,371,"Banco Safra S.A., Luxembourg branch"
GAZPLULL,379,Bank GPB International S.A. (formerly GPB International S.A.)
BKCHLULL,116,"Bank of China Limited, Pékin (République Populaire de Chine), Luxembourg Branch (formerly Bank of China Limited Luxembourg Branch)"
BKCHLUL1,222,Bank of China (Luxembourg) S.A.
ARLULUL1,213,Argentabank Luxembourg S.A.
LUMILULL,288,Bank Leumi (Luxembourg) S.A.
BACALULL,360,Andbank Luxembourg
GRVRLULL,284,Banco Popolare Luxembourg S.A.
ADVZLUL1,344,Advanzia Bank S.A.
ABOCLULL,392,Agricultural Bank of China (Luxembourg) S.A.
ABOCLULB,393,"Agricultural Bank of China, Luxembourg Branch"
ABNALU2A,162,ABN Amro Bank (Luxembourg) S.A.
