branch_name,swift_code
Azl Nv,AZLHNL2HXXX
Asr Bank N.V.,ASRBNL2RXXX
Attijariwafa Bank Europe Netherlands,BCMANL2AXXX
Asn Bank,ASNBNL21XXX
Aramco Overseas Company B.V.,ARAMNL2AXXX
Treasury Center Inz 8005,ABPTNL2HAAA
Apg Algemene Pensioen Groep Nv,ABPTNL2HAAB
Treasury Center Inz 8004,ABPTNL2HAAC
Treasury Center Inz 8006,ABPTNL2HAAD
Apg Algemene Pensioen Groep Nv,ABPTNL2HAOS
Apg Algemene Pensioen Groep Nv,ABPTNL2HAOT
Apg Algemene Pensioen Groep Nv,ABPTNL2HLOS
Apg Algemene Pensioen Groep Nv,ABPTNL2HLOT
Apg Algemene Pensioen Groep Nv,ABPTNL2HXXX
Anthos Bank B.V.,ANHHNL21XXX
Ant Trust And Corporate Services N.V.,ANTTNL2AXXX
Anadolubank Nederland N.V.,ANDLNL2AXXX
Amsterdam Trade Bank N.V.,ATBANL2AXXX
Amsterdam Trade Bank N.V.,STOLNL2AXXX
Akzo Nobel N.V.,AKZONL2AXXX
Aegon Nv,AENVNL2GXXX
Aegon Bank N.V.,KNABNL2HXXX
Aegon Bank N.V.,AEGONL2UXXX
Achmea Retail Bank N.V.,ARBNNL22XXX
Achmea Hypotheek Bank,AHBKNL2GXXX
Abn Amro Clearing Bank N.V.,ABNCNL2AXXX
Fund Processing,ABNCNL2AFND
Abnc B And Amp.ld,ABNCNL2ASBL
Aacb Entity Routing: Asia Pacific,ABNCNL2ASYD
Abn Amro Bank N.V. (Formely Known As Fortis Bank (Nederland) N.V.),FTSBNL2RXXX
Fbgc,FTSBNL2RABA
Fbgc,FTSBNL2RFLO
Aacb,FTSBNL2RGET
Aacb,FTSBNL2RGOL
Fbgc,FTSBNL2RIMC
Fbgc,FTSBNL2RMAD
Fbgc,FTSBNL2RNYE
Fbgc,FTSBNL2ROPT
Aacb,FTSBNL2RSPI
Aacb,FTSBNL2RSUN
Aacb,FTSBNL2RTIB
Asset And Liability Management Support,ABNANL2AALC
Abn Amro Bank N.V.,ABNANL2AMEL
Abn Amro Bank N.V.,ABNANL2AWSS
Abn Amro Bank N.V.,ABNANL2AXXX
Agency Services,ABNANL2AAGS
Markets Nl Department,ABNANL2AMAR
Euroclear Nederland Retail,ABNANL2ARET
Abn Amro Bank N.V.,ABNANL2ASOB
Abn Amro Bank N.V.,ABNANL2RXXX
Lc Clearnet,ABNANL2ACOL
Abb Finance B.V.,ABBCNL2AXXX
Asr Verzekeringen Nederland N.V,FTSINL2UXXX
Delta Lloyd Asset Management,DLIMNL2AXXX
Daimler International Finance B.V.,DAIXNL2XXXX
Credit Europe Bank N.V.,FBHLNL2AXXX
Commerzbank Ag Kantoor Amsterdam,COBANL2XTAM
Commerzbank Ag Kantoor Amsterdam,COBANL2XXXX
Coca-Cola Hbc Finance B.V.,CCHBNL2AXXX
Bg Confirmations,CCHBNL2A424
Infopool Services,CITINL2XCB2
Restricted Use Citibank Amsterdam Target 2,CITINL2XSEC
Restricted Use Citibank Amsterdam Target 2,CITINL2XTFT
Citibank International Plc Netherlands Branch,CITINL2XXXX
Citco Bank Nederland N.V.,CITCNL2AXXX
Cggveritas Services Holding B.V.,CGGVNL2AXXX
Bnp Paribas Securities Services,PARBNL31XXX
Ceva Logistics Finance B.V.,CEVLNL22XXX
Bnp Paribas S.A. - The Netherlands Branch,BNPANL2AXXX
Bnp Paribas S.A. - The Netherlands Branch,BNPANL2HXXX
Binckbank N.V.,BICKNL2AXXX
Professional Services,BICKNL21PRF
Binckbank N.V.,BINKNL21XXX
Banque Chaabi Du Maroc,BCDMNL22XXX
Banque Chaabi Du Maroc,BCDMNL21XXX
Bmce Euroservices,BMEUNL21XXX
Bank Of Tokyo-Mitsubishi Ufj (Holland) N.V.,BOTKNL2XXXX
Bank Of Scotland Plc,BOFSNL2AXXX
Amsterdam Branche Retail,BOFSNL21002
Sepa Direct Debits,HSBCNL2ASDD
Hsbc Bank Plc,HSBCNL2AXXX
Habib Bank Ltd.,HABBNL2RXXX
Global Collect Services B.V.,GLOONL2AXXX
Holland Clearing House N.V.,HCHANL2AXXX
Ge Artesia Bank (Formerly Banque Artesia Nederland N.V.),ARTENL2AAMS
Ge Artesia Bank (Formerly Banque Artesia Nederland N.V.),ARTENL2AXXX
Ge Artesia Bank (Formerly Banque Artesia Nederland N.V.),ARTENL2AROT
Garantibank International Nv,UGBINL2AXXX
Friesland Bank,FRBKNL2LXXX
Fgh Bank N.V.,FRGHNL21XXX
Fce Bank Plc,FCEENL21XXX
European Multilateral Clearing Facility N.V. (Emcf),EMCFNL22XXX
European Multilateral Clearing Facility N.V. (Emcf),EMCFNL2AXXX
Target 2,NECINL2A206
Target 2,NECINL2A207
Euroclear Nederland (Previously Known As Necigef),NECINL2A320
Target 2,NECINL2A730
Target 2,NECINL2A775
Target 2,NECINL2A777
Fit Enl,NECINL2AFEN
Euroclear Nederland (Previously Known As Necigef),NECINL2AXXX
Equens Nederland B.V.,INNDNL2UDDE
Equens Nederland B.V.,INNDNL2UEBA
Equens Nederland B.V.,INNDNL2UEQU
Equens Nederland B.V.,INNDNL2URAB
Equens Nederland B.V.,INNDNL2UXXX
"Economy Bank N.V.,The",TEBUNL2AXXX
Dutch State Treasury Agency,DSTANL2AXXX
Dutch Ministry Of Finance,MIFINL2GXXX
Doctors Pension Funds Services Bv,DPFSNL2UXXX
Securities,DEUTNL2ASEC
Esescode,DEUTNL2ASSS
Deutsche Bank A.G. Amsterdam,DEUTNL2AXXX
Dnb Code,DEUTNL2A002
Deutsche Bank Nederland N.V.,DEUTNL2NXXX
Demir-Halk Bank (Nederland) N.V.,DHBNNL2RXXX
Demir-Halk Bank (Nederland) N.V.,DHBNNL2RCOL
Delta Lloyd Bank N.V.,DLBKNL2AXXX
"Bank Of China (Luxembourg) S.A., Rotterdam Branch",BKCHNL2RXXX
"Bank Of America, N.A. Amsterdam",BOFANLNXXXX
"Bank Of America, N.A. Amsterdam",BOFANLNXLIQ
Bank Mendes Gans N.V.,BKMGNL2AXXX
Ndp Dept,LOCYNL2ANDP
Lombard Odier Darier Hentsch En Cie (Nederland) N.V.,LOCYNL2AXXX
Lloyds Tsb Bank Plc,LOYDNL2AXXX
Levob Bank N.V.,OVBNNL22XXX
Lease Plan Bank,LPLNNL2ALPB
Leaseplan Corporation N.V.,LPLNNL2AXXX
Lanschot Bankiers Nv F. Van,FVLBNL22AMS
Lanschot Bankiers Nv F. Van,FVLBNL22XXX
"Korea Exchange Bank, Amsterdam Branch",KOEXNL2AXXX
Koninklijke Philips Electronics N.V.,KOPLNL2EXXX
Koninklijke Philips Electronics N.V.,KOPLNL21XXX
Kempen Capital Management Nv,KECANL2AXXX
Kempen And Co N.V.,KEMPNL2AXXX
Kbc Bank Nederland Nv,KREDNL2XXXX
Koninklijke Kpn Nv,KPNCNL2GXXX
Kas Internal Use,KASANL2AECL
Kas Bank N.V,KASANL2AXXX
Telex And S.W.I.F.T. Message Enquiries,CHASNL2XENQ
Test Key And Bke Administration,CHASNL2XKEY
"Jp Morgan Chase Bank, N.A",CHASNL2XXXX
"Intesa Sanpaolo S.P.A. (Former Sanpaolo Imi), Amsterdam Branch, Amsterdam",BCITNL2AXXX
"Isbank Gmbh, Amsterdam Branch",ISBKNL2AAMS
"Isbank Gmbh, Amsterdam Branch",ISBKNL2AXXX
Ing Investment Management,INGINL2GXXX
"Ing Belgium Nv/Sa (Formerly Bank Brussels Lambert Sa, Breda Branch)",BBRUNL2XXXX
Ing Bank N.V.,INGBNL2ACLS
Ing Bank N.V.,INGBNL2AXXX
Fss,INGBNL2SFSS
Securities Services Nl,INGBNL2SPAS
Securities Services Nl,INGBNL2SSMK
Securites Services Nl,INGBNL2SWIA
Ing Bank N.V.,INGBNL2AGPC
Ing Bank N.V.,INGBNL2ALMI
Industrial And Commercial Bank Of China (Europe) S.A. Amsterdam Branch,ICBKNL2AXXX
Icl Finance Bv,ICFNNL2AXXX
Bank Insinger De Beaufort Nv,INSINL2ANRA
Bank Insinger De Beaufort Nv,INSINL2AXXX
Robeco Nederland,RGRBNL2RAMI
Robeco Nederland,RGRBNL2RASG
Robeco Nederland,RGRBNL2RBAL
Robeco Nederland,RGRBNL2RBIO
Robeco Nederland,RGRBNL2RBLA
Robeco Nederland,RGRBNL2RBMI
Robeco Nederland,RGRBNL2RCOO
Robeco Nederland,RGRBNL2RDIV
Robeco Nederland,RGRBNL2RDUU
Robeco Nederland,RGRBNL2RDYN
Robeco Nederland,RGRBNL2RELD
Robeco Nederland,RGRBNL2REUD
Robeco Nederland,RGRBNL2RHBZ
Robeco Nederland,RGRBNL2RHDM
Robeco Nederland,RGRBNL2RHIF
Robeco Nederland,RGRBNL2RHMX
Robeco Nederland,RGRBNL2RHOF
Robeco Nederland,RGRBNL2RHON
Robeco Nederland,RGRBNL2RHYO
Robeco Nederland,RGRBNL2RICA
Riam,RGVMNL2RABA
Rgvmnl2r,RGVMNL2RALA
Robeco Institutional Asset Management B.V.,RGVMNL2RANN
Riam,RGVMNL2RAVE
Riam,RGVMNL2RBBK
Riam,RGVMNL2RBLI
Riam,RGVMNL2RBLT
Riam,RGVMNL2RBOO
Riam,RGVMNL2RCAL
Riam,RGVMNL2RCAT
Riam,RGVMNL2RCLF
Riam,RGVMNL2RCON
Riam,RGVMNL2RCRE
Riam,RGVMNL2RCRL
Riam,RGVMNL2RCYG
Riam,RGVMNL2RDAK
Riam,RGVMNL2RDAR
Riam,RGVMNL2RDCO
Robeco Institutional Asset Management B.V.,RGVMNL2RDHO
Riam,RGVMNL2RDIE
Regiobank,RBRBNL21XXX
Only Use On Request,RABONL2UBRO
For Cls Only,RABONL2UCLS
Only Use On Request,RABONL2UIBS
Only Use On Request,RABONL2UPBO
Rabobank Securities,RABONL2URSA
Only Use On Request,RABONL2USCR
"Utrecht Equity Finance, For Eses Cash Account Only",RABONL2UUEF
And All Member Rabobanks,RABONL2UXXX
Only Use On Request,RABONL2UTCF
Pggm,PGGMNL22XXX
Perfetti Van Melle Holding B.V.,PEMHNL22XXX
Nv Settlement Bank Of The Netherlands,SBNLNL2AXXX
Nv Bank Nederlandse Gemeenten,BNGHNL2GXXX
Nv Bank Nederlandse Gemeenten,BNGHNL2GNMC
Nomura Asia Holding N.V.,NAHLNL2AXXX
Retail Markets Branch 1,DNIBNL2GRM1
Nibc Bank N.V,DNIBNL2GXXX
Nederlandse Waterschapsbank N.V.,NWABNL2GXXX
Nederlandse Waterschapsbank N.V.,NWABNL2GNMC
Nederlandse Financierings-Maatschappij Voor Ontwikkelingslanden N.V.,NFMONL2GXXX
Nederlandsche Bank (De) N.V.,ECMSNL2AXXX
Agency Amsterdam,FLORNL2AAMD
Dnb/Eses Cross Ncb Position With Nbb,FLORNL2ABEX
Dnb/Eses Contingency Account,FLORNL2ACAC
Ccbm,FLORNL2ACCB
Nederlandsche Bank (De) N.V.,FLORNL2ACON
Currency Department,FLORNL2ACUR
Dnb/Eses Mirror/Technical Account,FLORNL2AECL
Euro Operations,FLORNL2AEUR
Target2 Ecb/Ncb Account,FLORNL2AEUX
Controllers Department,FLORNL2AFEB
Foreign Exchange,FLORNL2AFEX
Dnb/Eses Cross Ncb Position With Bdf,FLORNL2AFRX
Guilders Funds Transfer,FLORNL2AGFT
Nederlandsche Bank (De) N.V.,FLORNL2AXXX
N.V. Bank Voor De Bouwnijverheid,BOUNNL2AXXX
Nederlands Centraal Instituut Voor Giraal Effectenverkeer,ESESNL2A777
Nederlands Centraal Instituut Voor Giraal Effectenverkeer,ESESNL2AINT
Nederlands Centraal Instituut Voor Giraal Effectenverkeer,ESESNL2ALE1
Nederlands Centraal Instituut Voor Giraal Effectenverkeer,ESESNL2ALE2
Target2,ESESNL2AT2X
Nederlands Centraal Instituut Voor Giraal Effectenverkeer,ESESNL2AXXX
Nederlands Centraal Instituut Voor Giraal Effectenverkeer,ESESNL2AFDB
Nederlands Centraal Instituut Voor Giraal Effectenverkeer,ESESNL2AISS
Nationale-Nederlanden Bank N.V.,NNBANL2GXXX
Treasury,NNBANL2GTRY
Mn Services Nv (Investment Management),MNSNNL22XXX
Triodos Bank Nv,TRIONL2UXXX
Tp Vision Holding Bv,TPVINL2EXXX
Theodoor Gilissen Bankiers N.V.,GILLNL2AXXX
Rbs Nl,RBOSNL2AXXX
Rbs Nv Gbm Loan Operations,RBOSNL2RGLO
Global Banking And Markets Operations,RBOSNL2RTCM
The Royal Bank Of Scotland N.V.,RBOSNL2RXXX
The Royal Bank Of Scotland N.V.,RBOSNLNVNMC
The Royal Bank Of Scotland N.V.,RBOSNLNVXXX
Td Waterhouse Bank Nv,TDOMNL2AXXX
Syntrus Achmea Asset Management,SYAVNL22XXX
Ordering And Billing Services,SWHQNLNLSVC
Swift Customer Service Centre Europe,SWHQNLNLXXX
Svenska Handelsbanken (Publ) Ab,HANDNL2AXXX
Svenska Handelsbanken (Publ) Ab,HANDNL2ACOL
Svenska Handelsbanken (Publ) Ab,HANDNL2APM2
Subway International B.V.,SUBTNL2AXXX
Subway International B.V.,SUBTNL21XXX
Standard Chartered Latin America B.V.,SCBLNL2AXXX
Staalbankiers N.V.,STALNL2GXXX
Staalbankiers N.V.,STALNL2GNMC
Sg Amsterdam Trade Service,SOGENL2ATRA
Societe Generale,SOGENL2AXXX
Sociale Verzekeringsbank,SOVENL2AXXX
Sns Bank N.V.,SNSBNL2AXXX
Securities,SNSBNL2ASEC
Securities,SNSBNL2ABOS
Financial Markets,SNSBNL2ASFM
Sns Asset Management,SNSINL2AXXX
Shell Asset Management Company B.V.,SHELNL2GXXX
Shell Asset Management Company B.V.,SAGMNL21XXX
Schretlen En Co N.V.,SCRTNL2AXXX
Schlumberger Finance Bv,SFBVNL2GSHB
Schlumberger Finance Bv,SFBVNL2GXXX
Sabic Capital Bv,SBBVNL2AXXX
Roche Pharmholding B.V.,ROCHNL22XXX
Mizuho Corporate Bank Nederland N.V.,MHCBNL2AXXX
Mega International Commercial Bank Co. Ltd,ICBCNL2AXXX
Adyen B.v.,ADYENL21XXX
Adviesgroep Reyersen Van Buuren B.v,ADRBNL21XXX
Adviesbureau Voor Vermogens-beheer Van Grafhorst B.v.,AVBGNL21XXX
Acona Bv,ACOANL21XXX
Achmea Bank Holding N.v.,ACHLNL21XXX
Accent Tonique B.v.,ACTONL21XXX
Accent Grave B.v.,AGRVNL21XXX
Accent Aigu B.v.,ACCINL21XXX
Abr Financial B.v.,ABRFNL21XXX
Aagus Financial Services Group N.v.,AFSRNL21XXX
323 Trading B.v.,TRNGNL21XXX
2b Trading B.v.,TRNINL21XXX
Sns Property Finance B.v.,SNPFNL21XXX
Societe Financiere Et Fonciere,SOFFNL21XXX
Union Bancaire Privee,UNBVNL21XXX
Zwitserlevenbank,ZWLBNL21XXX
Volker Wessels Stevin Financial Services Bv,VWFSNL2RXXX
Yapi Kredi Bank Nederland N.V.,KABANL2AXXX
Unilever Finance International Bv,BFOFNL2RXXX
Ubs Bank (Netherlands) B.V.,UBSWNL2AXXX
Mars Nederland B.V.,TWIXNL22XXX
Amsterdam Brokers B.v.,AMBRNL21XXX
Amstel Funds En Asset Management B.v.,AFAMNL21XXX
Amstel Securities N.v.,AMSSNL21XXX
Amstel Capital Management B.v.,ACMGNL21XXX
Amro Securities,AMRSNL21XXX
Alpinvest Partners N.v.,ALPPNL21XXX
Amoptions Trading Viii B.v.,ATRVNL21XXX
Allianz Nederland Asset Management Bv,ANAANL21XXX
All Options International Bv,AOINNL21XXX
All Energy Trading Bv,AETRNL21XXX
Agrigento Bassa B.v.,AGBSNL21XXX
Afs Vermogensbeheer Bv,AFSVNL21XXX
Afs Moneybrokers B.v.,AFMONL21XXX
Afs Capital Markets B.v.,AFCRNL21XXX
Afs Capital Management B.v.,ACMNNL21XXX
Afs Brokers B.v.,AFBRNL21XXX
Aex-agricultural Futures Exchange,XAEXNL21XXX
B.a. Van Doorn En Comp B.v.,DCOMNL21XXX
Bakkenist En Emmens N.v.,BKEMNL21XXX
Azl Vermogensbeheer B.v.,AZLVNL21XXX
Avero Bancaire Diensten N.v.,AVBDNL21XXX
Attica Vermogensbeheer B.v.,ATVENL21XXX
Asw,ASWANL21XXX
Aster-x Capital Management B.v,ASCENL21XXX
Asset Enhancement Group B.v.,ASEGNL21XXX
Aot Securities B.v.,AOSENL21XXX
Argenta Spaarbank-bijkantoor Nederland,ARSNNL21XXX
Arcos Dorados Bv,ADBVNL2AXXX
Asahi Bank (nederland) N.v.,ASNENL21XXX
Aot Stockspecialist B.v.,AOTSNL21XXX
Anthos Asset Management B.v.,AAEMNL21XXX
Andropan Asset Management B.v.,AAMMNL21XXX
Amstgeld Nv,AMSGNL21XXX
Aespen Futures Bv,AESPNL21XXX
Amsterdamse Effectenbeurs,XAMSNL21XXX
Aegon Financiele Diensten B.v.,AEFDNL21XXX
Amsterdams Effectenkantoor B.v.,AMEFNL21XXX
Amsterdam International Bank And Trust Company B.v.,AITONL21XXX
Amsterdam Commodity Exchange,XACENL21XXX
Aegon Investment Management B.v.,AEIMNL21XXX
Better Options Llp,BOLPNL21XXX
Bergshoeff Options B.v.,BEOPNL21XXX
Berben's Effectenkantoor B.v.,BEFENL21XXX
Bens International Trading B.v.,BITDNL21XXX
Bene Trading Bv,BTRDNL21XXX
Belastingdienst/particulieren/ondernemingen Buitenland/wir,BEOUNL21XXX
Belastingdienst/centrale Douane-administratie,BEDONL21XXX
Belastingdienst/centrale Betalingsadministratie Sector Cca,BBSCNL21XXX
Beer En Van Stapele B.v.,BETPNL21XXX
"Bary Securities N.v., De",BAYRNL21XXX
Barclays Bank Plc Amsterdam Branch,BARCNL21XXX
Bank Voor Zeeland N.v.,ZEELNL21XXX
Bank Ten Cate And Cie Nv,TECTNL21XXX
Bank Oyens En Van Eeghen Nv,OYENNL21XXX
Bank Of Taiwan (europe) N.v.,TAIPNL21XXX
Lab,BNYMNL22DNB
"Bank Of New York Mellon Sa/nv, Amsterdam Branch",BNYMNL22XXX
Bank Labouchere N.v.,LABCNL21XXX
Bank Bercoop N.v.,BEOONL21XXX
Banco Do Estado De Sao Paolo S.a.,ESAONL21XXX
Banco Exterior De Espana Sa,EXESNL21XXX
Bzw Nederland Nv,BZWNNL21XXX
Bustelberg Effectenkantoor B.v.,BEFTNL21XXX
Box Consultants B.v.,BOXCNL21XXX
Bouwfonds Reim B.v.,BOWRNL21XXX
Bouwfonds Asset Management B.v.,BOSMNL21XXX
Boris Trading B.v.,BOTRNL21XXX
Borghols B.v.,BORHNL21XXX
Bondsspaarbank Voor De Eemsmond N.v.,BOEMNL21XXX
Booking.com,BOOKNL2AXXX
Boer En Olij Effectenhuis,BOOENL21XXX
Bnp Paribas S.a.-the Netherlands Branch,BNPANL2HNMC
Bnp Paribas Obam N.v,BNAONL21XXX
Bnp Paribas Investment Partners Netherlands Nv,FIAHNL21XXX
Bnp Paribas Bank Nv,BNPANL22XXX
Bng Capital Management B.v.,BCMTNL21XXX
Blue Sky Group B.v.,BLSGNL21XXX
Blg Wonen,BLGWNL21XXX
Blackrock (netherlands) B.v.,BLNENL21XXX
Chiao Tung Bank Europe N.v.,CHTUNL21XXX
Centercross B.v.,CENCNL21XXX
Cmv Bank B.v.,CMVCNL21XXX
Ciba Specialty Chemicals Treasury Service Bv,CIBNNL21XXX
Clearnet Amsterdam,CLIQNL21XXX
Cho Option Traders B.v.,CHOTNL21XXX
Charterhouse Vermogensbeheer B.v.,CHVENL21XXX
Cebulon Vof,CEVONL21XXX
Cebulon Options B.v.,CEOPNL21XXX
Cdk Bank N.v.,CDKBNL21XXX
Cargill Bv,CRGINL21XXX
Cardif Schadeverzekeringen Nv,CACZNL21XXX
Cardif Levensverzekeringen Nv,CARZNL21XXX
Cardano Structuring B.v.,CADUNL21XXX
Cardano Risk Management B.v.,CRKMNL21XXX
Calimero Trading B.v.,CTRDNL21XXX
Caerus Iii B.v.,CAERNL21XXX
Caerus Ii B.v.,CEERNL21XXX
C.e. De Bruin Vermogensbeheer B.v.,BRVENL21XXX
Caceis Netherlands,FNETNL21XXX
Bezemer Clements Schipper Vermogensbeheer B.v.,BCSVNL21XXX
Beusmans Capital Management B.v.,BCMNNL21XXX
Degiro B.v.,HIQANL21XXX
Deep Blue Capital B.v.,DEBCNL21XXX
De Waerdt Vermogensbeheer B.v.,WAVENL21XXX
Degroof Vermogensbeheer N.v.,DVERNL21XXX
De Vries En Westermann B.v.,VRWENL21XXX
De Vries En Co B.v.,VRIENL21XXX
De Veste Vermogensbeheer B.v.,VESVNL21XXX
De Vermogensspecialist B.v.,VERMNL21XXX
De Lage Landen International B.v,DLLINL2EXXX
Dcm Brokers B.v.,DCMBNL21XXX
Curvalue Iii B.v.,CUIINL21XXX
Curvalue Ii B.v.,CUVVNL21XXX
Cross Options Int. Xi B.v.,CRNINL21XXX
Criterion Arbitrage And Trading B.v,CRBDNL21XXX
"Credit Agricole Cheuvreux Netherlands N, Amsterdam",CACHNL21XXX
Cordares Vermogensbeheer B.v.,CORHNL21XXX
Eclipse Options (nl) B.v.,ECOTNL21XXX
Endex European Energy Derivatives Exchange N.v.,EEEDNL21XXX
Effective Traders Amsterdam B.v.,EFTANL21XXX
Edutraders Iii B.v.,EDUINL21XXX
Effectenkantoor Nieuwe Uitleg B.v.,EFNUNL21XXX
Dvb Bank Nv,DVBVNL21XXX
E.d.i. Equity Derivatives Investments B.v.,EEDINL21XXX
Dutch Emissions Authority,DUEANL21XXX
Dutch Options And Futures Institute B.v.,DOFNNL21XXX
Dsm Pensions Services,DSMHNL21XXX
Dsb Bank (zaandam) Nv,SBHONL21XXX
Domix Opties B.v.,DOMENL21XXX
Douchka B.v.,DOUKNL21XXX
Direktbank N.v.,DIRKNL21XXX
Dima Vermogensbeheer B.v.,DIMVNL21XXX
Dijkstra Beaumont Wealth Management B.v.,DBWMNL21XXX
Dexia Bank Nederland Nv,DEXNNL21XXX
Deno Vermogensbeheer B.v.,DEVRNL21XXX
Delta Lloyd Rentefonds,DLRTNL21XXX
Delta Lloyd Asset Management N.v.,DLANNL21XXX
Converse Netherlands B.v.,COVHNL21XXX
Converse Netherlands B.v. Finance Division,CNFDNL21XXX
Consortium Helveticum B.v.,COHENL21XXX
Finles Vermogensbeheer B.v.,FIVMNL21XXX
Financiele Termijnmarket Amsterdam,XFTANL21XXX
First Capital Asset Managers B.v.,FCAMNL21XXX
Financiele Onderneming Smidswater B.v.,FOSMNL21XXX
Finaltrust Vermogensbeheer B.v.,FVERNL21XXX
Fieret En Van Lynden B.v.,FLYNNL21XXX
Fimagro B.v.,FMMANL21XXX
F.i.n.t.,FININL21XXX
Fenc Netherlands B.v.,FENTNL21XXX
Faxtor Securities B.v.,FAXSNL21XXX
Falcinvest Asset Management B.v.,FAMNNL21XXX
Ext B.v.,EXTXNL21XXX
Exxonmobil Capital Netherlands Bv,EXXONL21XXX
"Euronext Irf, Interest Rate Future And Options",XEUINL21XXX
"Euronext Eqf, Equities And Indices Derivatives",XEUENL21XXX
"Euronext Com, Commodities Futures And Options",XEUCNL21XXX
Euro American Participations B.v.,EUAPNL21XXX
Eureffect Asset Management B.v.,EAMNNL21XXX
Ernst En Van Den Broek Vermogensbeheer B.v.,EDBVNL21XXX
Eneco Energy Trade B.v.,ENECNL21XXX
Columbus Group B.v.,COLGNL21XXX
Groenstate Vermogensadvies B.v.,GRVENL21XXX
Groeivermogen N.v.,GROENL21XXX
Grafische Bedrijfsfondsen,GRBENL21XXX
Goris En Ladru Vermogensbeheer B.v.,GOLVNL21XXX
Gooisch Effectenhuis B.v.,GOEFNL21XXX
Global Exchange Trading Services Bv,GETSNL21XXX
Global Derivatives Trading Amsterdam B.v.,GDTANL21XXX
Gestion Nv,GESONL21XXX
Future Surfing B.v.,FUTSNL21XXX
Fortop B.v.,FOTPNL21XXX
Fundix N.v.,FUNXNL21XXX
Fortis (gsla) B.v.,GSLANL21XXX
Franke En Partners Pensioen-advies En Vermogensbeheer Bv,FPPVNL21XXX
Forza Vermogensbeheer B.v.,FORVNL21XXX
Fortis Bank Global Clearing Nv,FBGCNL21XXX
Forger Equity Trading B.v.,FOETNL21XXX
Fluhalp Trading Bv,FLUTNL21XXX
Ide International Derivatives Enterprise B.v.,IIDNNL21XXX
Hot Traders V.o.f.,HOTVNL21XXX
Hopstaken Johannesma En Co B.v.,HOPJNL21XXX
Homburg Participaties B.v.,HOMPNL21XXX
Hof Hoorneman Bankiers Nv,HHBANL22XXX
Hiroshima Bank (europe) N.v.,HIEUNL21XXX
Hiq Trading And Liquidity Providing N.v.,HIQTNL21XXX
Himalayan Fund N.v.,HIFUNL21XXX
Het Haags Effektenkantoor B.v.,HHEFNL21XXX
Hieronymus Options B.v.,HIOPNL21XXX
Hewlett-packard Nederland B.v.,HENLNL21XXX
Het Hollandsch Effectenkantoor B.v.,HHECNL21XXX
Heerema Marine Contractors Finance Bv,HMCFNL2LXXX
Havenbedrijf Rotterdam (port Of Rotterdam,POFRNL2RXXX
Hartwig Ii B.v.,HARTNL21XXX
Gvb Capital Management B.v.,GVCMNL21XXX
Harmony Vermogensbeheer B.v.,HAVENL21XXX
Hanzevast Capital N.v.,HCAPNL21XXX
Gunma Bank Europe N.v.,GUNUNL21XXX
Gruenberg Investments B.v.,GRNVNL21XXX
Flow Traders B.v.,FLTRNL21XXX
Florint B.v.,FLOINL21XXX
First Euro Securities And Derivatives Trading B.v.,FESDNL21XXX
Inter Value Options B.v.,ITVONL21XXX
Intal B.v.,ITTANL21XXX
Instituut Voor Beleggingsstrategie B.v.,INLGNL21XXX
Insinger De Beaufort Asset Management N.v.,IBAMNL21XXX
Inmaxxa B.v.,INMXNL21XXX
Ingramm International N.v.,IGITNL21XXX
Ing Investment Management Netherlands N.v.,INGONL21XXX
Ing Personal Fund Services B.v.,INGQNL21XXX
Ing Im Advisors B.v.,INGWNL21XXX
Ing Direct N.v.,INGDNL21XXX
Ing Asset Management B.v.,INGKNL21XXX
Ing Am Interfinance Sevices B.v.,INGJNL21XXX
Indubel Vermogensbeheer Nv,INVHNL21XXX
Independent Trading Combination Effecten B.v.,ITCFNL21XXX
Ims Institutional Management Services B.v.,IIMSNL21XXX
Imc Trading B.v.,IMTRNL21XXX
Imc Options B.v.,IMOPNL21XXX
Imc Securities B.v.,IMCSNL21XXX
Info Desk Ams,IMCBNL21INF
Market Making Ams,IMCBNL21MMX
Imc B.v.,IMCBNL21XXX
Ifn Finance B.v.,IFFANL21XXX
"Kepler Equities, Amsterdam Branch",JBBRNL21XXX
Kemp Trading Bv T/a Nino Options,KTNONL21XXX
Keijser Capital N.v.,KECLNL21XXX
Kbw Wesselius Effectenbank N.v.,KBWFNL21XXX
Kaldenbach Derivatives Trading B.v.,KADTNL21XXX
Kairos Asset Management B.v.,KAMENL21XXX
Jmc International Marketmakers Combination Bv,JMCINL21XXX
Jansen En Van Noort Vermogensbeheer B.v.,JNVENL21XXX
J And T Private Equity B.v.,PREQNL21XXX
Ivv Asset Management B.v.,IVAENL21XXX
Ivm Vermogensbeheer B.v.,IVMVNL21XXX
Investment Management Group,INMGNL21XXX
Invest4you N.v.,INYONL21XXX
Invest Consult B.v.,IVVCNL21XXX
Interpolis Pensioenen Vermogensbeheer B.v.,INPVNL21XXX
International Card Services B.v.,ICSVNL21XXX
International Bank And Trust Corp.,IBTCNL21XXX
Lunar Vermogensbeheer B.v.,LUVENL21XXX
Loyalis Financial Services N.v.,LOFSNL21XXX
Liquidity,LOYDNL21LIQ
Lentjes En Drossaerts N.v.,LEDRNL21XXX
Lg Electronics European Shared Service Center B.v.,LGETNL21XXX
Leopark Options B.v.,LEOPNL21XXX
Leenen En Spencer Vermogensbeheer B.v.,LESVNL21XXX
Lasalle Investment Management Securities B.v.,LIMUNL21XXX
Leaseplan Corporation N.v.(ref Leaseplan Bank,LPLNNL2FXXX
Lancelot Vermogensbeheer B.v.,LANVNL21XXX
Laaken Asset Management N.v.,LASMNL21XXX
Kopvos En Partners B.v.,KOPPNL21XXX
Kuperus Effecten B.v.,KUPENL21XXX
Koopman International B.v.,KOOMNL21XXX
Koninklijke Dsm N.v.,KDSMNL2HBEL
Koninklijke Dsm N.v.,KDSMNL2HNLD
Koninklijke Dsm N.v.,KDSMNL2HXXX
Klm Uk Pension Scheme,KLPSNL21XXX
Koninklijke Cooperatieve Bloemenveiling Floraholland U.a.,FLHONL2HXXX
Kocbank Nederland N.v.,KOCDNL21XXX
Klinkenberg Traders B.v.,KLTRNL21XXX
Keytrade Bank,KEYTNL21XXX
International Assets Advisory Corporation Europe B.v.,IAACNL21XXX
Interbank N.v.,INKBNL21XXX
Mijn Broker Bv,MBRONL21XXX
Mollema En Van Til Vermogensbeheer B.v.,MOTVNL21XXX
Mnf Bank N.v.,MNFMNL21XXX
Mn Services Vermogensbeheer B.v.,SEVENL21XXX
Mn Services,SEVSNL21XXX
Mn Services Nv (investment Manage Ment,MNSNNL2AXXX
Mmx Trading Bv,MMXTNL21XXX
Metzler Nederland B.v.,MENDNL21XXX
Matrix Asset Management B.v.,MATMNL21XXX
Meeus Vermogensbeheer B.v.,MEEVNL21XXX
Maynard En Keynes B.v.,MAYKNL21XXX
Max Effect B.v.,MAXENL21XXX
Math B.v.,MTTHNL21XXX
Market Wizards B.v.,MARWNL21XXX
Market Makers United B.v.,MMUNNL21XXX
Maas En Van Lingen Vermogensbeheer B.v.,MALVNL21XXX
M.a. En J.h. Damste Beheer B.v.,DAMHNL21XXX
Lynx B.v.,LYNXNL21XXX
M En M Trading B.v.,TRGDNL21XXX
Luyben En Brouwer Capitalmanagement B.v.,LUBCNL21XXX
Noordam Vermogensbeheer B.v.,NVERNL21XXX
Nomura Nederland N.v.,NOMNNL21XXX
Nld Asset Management B.v.,NLAMNL21XXX
Nikko Bank (nederland) N.v.,NIKNNL21XXX
Nike Trading Company Bv,NITCNL21XXX
Nike Trading Company B.v. Singapore Branch,NTCINL21XXX
Nike Sphere C.v.,NIPPNL21XXX
Nike European Operations Netherland S B.v.,NIKENL21XXX
Nike 360 Holding Bv,NIKHNL21XXX
Nike Europe Holding B.v.,NIEHNL21XXX
Nieuwenhuys Brink Crommelin Duurzaam Vermogensbeheer B.v.,NBCDNL21XXX
Nidera B.v.,NIHANL2RXXX
Nibc Private Investment Management N.v.,NPIANL21XXX
Newtrade Derivatives I B.v.,NEDINL21XXX
New Hbu N.v.,NEHBNL21XXX
Nationale Nederlanden Financiele Diensten B.v.,NNFDNL21XXX
N.v. De Vereenigde Effecten Compagnie,VECPNL21XXX
Munnik Opties En Futures Trading B.v.,MOFTNL21XXX
Pensioenfonds Openbaar Vervoer,PEOVNL21XXX
Pensioenfonds Nederlandse Bisdommen,PENMNL21XXX
Pbi Securities B.v.,PBISNL21XXX
Panasonic Global Treasury Center B.v.,PANANL21XXX
Palladyne Asset Management B.v.,PASNNL21XXX
Paerel Trading Partners B.v.,PTRPNL21XXX
Oyens And Van Eeghen Wholesale Brokerage B.v.,OEWBNL21XXX
Oranjeveste B.v.,ORANNL21XXX
Optrix V.o.f.,OPTFNL21XXX
Optra V.o.f.,OPVONL21XXX
Optionsxpress Europe B.v.,OPTENL21XXX
Optiver Vof,OPTVNL21IVE
Optiver Vof,OPTVNL21XXX
Optimix Vermogensbeheer N.v.,OPVENL21XXX
Optima Options B.v.,OPOPNL21XXX
"Oolders, Heijning En Voogelaar B.v.",OOHVNL21XXX
Onafhankelijk Vermogensbeheer 's Gravenhage B.v.,ONVGNL21XXX
Ohv,OHVONL21XXX
Nyenburgh Beheer N.v.,NYENNL21XXX
Ohra Bank N.v.,OHAANL21XXX
Noordnederlands Effektenkantoor B.v.,NOEFNL21XXX
Mr1 Futures B.v.,FURENL21XXX
Interactie Bank N.v.,IACBNL21XXX
Mondiaen Capital Management N.v.,MCANNL21XXX
Ribo Investments B.v.,RIBNNL21XXX
Reaal Bancaire Diensten,REBANL21XXX
Robeco Effectenbank N.v.,ROEFNL21XXX
River Options And Futures Trading B.v.,ROFTNL21XXX
Ritzer En Rouw Private Management B.v.,RRPANL21XXX
Rijnlandse Bank N.v.,RIJNNL21XXX
Rbc Finance B.v.,ROYCNL21XXX
Raet Bv,RAETNL21XXX
Qv Management B.v.,MAGMNL21XXX
Quantrust Vermogensbeheer B.v.,QUVENL21XXX
Pvh Europe B.v.,PVHENL21XXX
Providence Capital N.v.,PRVCNL21XXX
Pvf Nederland N.v.,PVNDNL21XXX
Proventus B.v.,PRVNNL21XXX
Pro Asset Management B.v.,PAMENL21XXX
Petrus Wealth Management B.v.,PEWMNL21XXX
Private Finance B.v.,PRVFNL21XXX
Simon A. Cohen Vermogensbeheer B.v.,SCVRNL21XXX
Postbank Groen N.v.,GRNNNL21XXX
Philipse En Co B.v.,PHIPNL21XXX
Petercam Nederland N.v.,PECSNL21XXX
Siberie Options N.v.,SCVENL21XXX
Sequoia Vermogensbeheer V.o.f.,SEVONL21XXX
Saen Trading B.v.,SATDNL21XXX
Scrocca Option Trading B.v.,SCOGNL21XXX
Scrocca Option Trading B.v.,SCPDNL21XXX
Sares Invest B.v.,SARNNL21XXX
Sels,SECTNL214B0
Sebn,SECTNL214B1
Stbn,SECTNL214B3
Seo,SECTNL214C0
Samsung Electronics Europe Logistics,SECTNL214N0
Samsung Electronics Europe Logistics,SECTNL21XXX
Saened B.v.,SAEDNL21XXX
Saen Options Bv,SAOPNL21XXX
Sabmiller Plc,SABMNL21AFR
Sabmiller Plc,SABMNL21BOT
Sabmiller Plc,SABMNL21MAN
Sabmiller Plc,SABMNL21XXX
Rvo Vermogensadvies B.v.,RVOVNL21XXX
Rv Capital B.v.,CPAINL21XXX
Royal Imtech N.v.,IMTCNL22XXX
Rouws En Ceulen Bureau Voor Vermogensbeheer,RCBVNL21XXX
Rothmans Far East B.v.,BATSNL21XXX
Roparco N.v.,ROPANL21XXX
Ropal Opties B.v.,ROPINL21XXX
Roku Option Traders B.v.,ROPTNL21XXX
Stichting Pensioenfonds Ballast Nedam,SPTDNL21XXX
Stichting Pensioenfonds Blue Sky Group,SPBYNL21XXX
Stichting Pensioenfonds Azl,STNZNL21XXX
Stichting Pensioenfonds Astellas,STFTNL21XXX
Stichting Depositogarantiefonds,STDINL21XXX
Stichting Degiro,STDGNL21XXX
Stichting Beleggingsrekening Ant-trust,STBNNL21XXX
"Stichting Bedrijfstakpensioenfonds Voor De Schoen-, Leder-en Lederwarenindustrie",SBSDNL21XXX
Stichting Axa Beleggingsrekening,STXBNL21XXX
Stichting Algemeen Pensioenfonds Klm,SAEKNL21XXX
Stellio Design,STDENL21XXX
Steentjes Vermogensbeheer B.v.,STVRNL21XXX
State Street Bank Gmbh Amsterdam Branch,SBOSNL2AXXX
Spoorwegpensioenfonds,SPORNL21XXX
Spf Vermogensbeheer B.v.,SPVENL21XXX
Spaar-en Voorschotbank Nv,SVOONL21XXX
Spf Beheer B.v.,SPFENL2USPF
Spf Beheer B.v.,SPFENL2USPV
Spf Beheer B.v.,SPFENL2UXXX
Sns Securities N.v.,SNSCNL21XXX
Sns Individual Account Management B.v.,SIAENL21XXX
Smart Trading,SMTRNL21XXX
Robein Bank N.v.,ROBNNL21XXX
Robeco Securities Lending B.v.,RSELNL21XXX
Sucden (uk) Ltd.,SCDDNL21XXX
Stroeve En Co. Breda N.v.,STBENL21XXX
Stom En Geusebroek B.v.,STGENL21XXX
Stockwave Order Execution B.v.,STOUNL21XXX
Stichting Vakbondsspaarbank Spn,STVSNL21XXX
Stichting Trust Pensioenfonds Pvf N.v.,STPPNL21XXX
Stichting Total Pensioenfonds Nederland,STNENL21XXX
Stichting Pensioenfonds Will Niemeijer,SPWJNL21XXX
Stichting Pensioenfonds Voor Het Vliegend Personeel Klm,SPHHNL21XXX
Stichting Pensioenfonds Tandartsen En Tandartsspecialisten,SPTPNL21XXX
Stichting Pensioenfonds Staples,SPNPNL21CM1
Stichting Pensioenfonds Staples,SPNPNL21CM2
Stichting Pensioenfonds Staples,SPNPNL21OPT
Stichting Pensioenfonds Staples,SPNPNL21XXX
Stichting Pensioenfonds Openbare Bibliotheken,SPNHNL21XXX
Stichting Pensioenfonds Metaal En Techniek,SPMTNL21XXX
Stichting Pensioenfonds Klm-cabinepersoneel,STPKNL21XXX
Stichting Pensioenfonds Huntsman Rozenburg,SPHZNL21XXX
Stichting Pensioenfonds Hoogovens,STPHNL21XXX
Stichting Pensioenfonds Gazelle,STEZNL21XXX
Stichting Pensioenfonds Eriks,STNKNL21XXX
Stichting Pensioenfonds Croda,STSDNL21XXX
Stichting Pensioenfonds Cap Gemini Nederland,SEPGNL21XXX
Transtrend B.v.,TRNENL21XXX
Tradit,TRDTNL21XXX
Tradingport B.v.,TRDNNL21XXX
Tom Broker B.v. (tom Smart Execution,TOMTNL21XXX
Total Investment Services B.v.,TOISNL21XXX
Today's Beheer B.v.,TODBNL21XXX
Tkp Investments Bv,TKPINL21XXX
Tibra Trading Netherlands B.v.,TITNNL21XXX
Tielkemeijer En Partners Vermogensbeheer B.v.,TIPVNL21XXX
Theta Capital Management B.v.,THCMNL21XXX
The Last Lap B.v.,LLAPNL21XXX
Equity Operations,RBOSNL2XEQT
Markets And Int'l Banking Operations,RBOSNL2XTCM
The Royal Bank Of Scotland Plc Amsterdam,RBOSNL2XXXX
The Hague Options I B.v.,HAOPNL21XXX
Teulings Van Der Hoeven Van Beuningen Vermogensbeheer,THBVNL21XXX
Tene Effecten B.v.,TENENL21XXX
Tappel Trading B.v.,TAPRNL21XXX
Swiss Life Asset Management (nederland) B.v.,SLSNNL21XXX
Svb,SOVENL31XXX
Van Der Moolen Obligaties B.v.,MOOINL21XXX
Van Der Moolen Financial Services B.v.,MOFVNL21XXX
Van Der Moolen Effectenspecialist B.v.,MOEFNL21XXX
Van Der Hoop Effecten Bank N.v.,HOEFNL21XXX
Van De Wolken Knappe,VDWKNL21XXX
Van Amstberg Capital Management B.v.,AMCGNL21XXX
Utr8 Bv,UTRUNL21XXX
Unilever,UNLLNL21XXX
Unisys Payment Services And Solutions,UPSONL21XXX
Unilever Plc,UNLENL21XXX
Unilever Beleggingsbank Bv,UNBGNL21XXX
Unigarant Financiele Diensten B.v.,UNFDNL21XXX
Ufj Bank Nederland N.v.,UFJNNL21XXX
Ubs Investment Bank Nederland Bv,SBWRNL21XXX
Triodos Meespierson Sustainable Investment Management B.v.,TMSINL21XXX
Turtle Trading B.v.,TURTNL21XXX
Trustus Capital Management B.v.,TRPGNL21XXX
Trustpartners N.v.,TRUPNL21XXX
Triodos Bank N.v.,TRIONL2UNMC
Travelex Bank N.v.,TRVXNL21XXX
Summer Traders B.v.,SUMRNL21XXX
Sumiclear Europe B.v.,SUCLNL21XXX
Vsb Bank N.v.,VSBVNL21XXX
Vpv Bankiers Nv,VPVGNL21XXX
Volkswagen International Finance N.v,VOIFNL21XXX
Vladeracken B.v.,VLARNL21XXX
Dfm N.v.,VOWANL21DFM
Volkswagen Bank Gmbh Filiaal Nederland,VOWANL21XXX
Vola Financieringsmaatschappij B.v.,VOLFNL21XXX
Vierlander Effecten N.v.,VIEFNL21XXX
Verwer En Janssen Vermogensmanagement B.v.,VJAVNL21XXX
Vermogensparaplu Beheer B.v.,VEBENL21XXX
Vermogens Advies Administratie B.v.,VEADNL21XXX
Verhoef En Van Jaarsveld Vermogensbeheer,VEJVNL21XXX
Velthuijse En Mulder Vermogensbeheer B.v.,VEMVNL21XXX
Vbk Services (netherlands) B.v.,VBKSNLA1XXX
Vattenfall Energy Trading Netherlands Nv,VETTNL21XXX
Van Lieshout En Partners N.v.,LIPANL21XXX
Van Lawick En Co Vermogensbeheer C.v.,LAWVNL21XXX
Van Gansewinkel Groep Bv,VGWGNL2EXXX
Van Doorn Trust And Securities Bv,DOTSNL21XXX
Van Doorn Securities B.v.,VDOSNL21XXX
Van Doorenmalen En Partners Vermogensconsultancy,DOPVNL21XXX
Wtss B.v.,WTSSNL2RXXX
"Wolters, Wolkers En Co B.v.",WOWONL21XXX
Wjm Trading B.v.,WJMTNL21XXX
Winchester Capital B.v.,WIAPNL21XXX
Win Trading B.v.,WITRNL21XXX
Wilshire Associates Europe B.v.,WIAENL21XXX
Westplan Investors Participaties B.v.,WEIPNL21XXX
Wilgenhaege Vermogensbeheer B.v.,WILVNL21XXX
Wijs En Van Oostveen B.v.,WIJSNL21XXX
Westlandutrecht Hypotheekbank N.v.,WEHPNL21XXX
Webb Traders Bv,WETRNL21XXX
Westlandutrecht Effectenbank N.v.,AMSTNL21XXX
Westlandutrecht Bank,WUBKNL21XXX
Wesa-effecten B.v.,WESFNL21XXX
Wealth Management Partners N.v.,WMPANL21XXX
Waterland Investment Services B.v.,WAIENL21XXX
Wallich En Matthes B.v.,WALMNL21XXX
Zest Advice B.v.,ZESANL21XXX
Wallaart Derivatives B.v.,WADENL21XXX
Zwitserleven Vermogensbeheer N.v.,ZWVENL21XXX
Zom Holland B.v.,ZOHONL21XXX
Waerdeveldt B.v. Asset Management Amsterdamse Effectenbeurs,WAMMNL21XXX
Vw International Payment Services,VIPSNL21XXX
